Workbook

Sheet Summary
A1: nutrifitness.ch – Product catalogue audit (WooCommerce export of 4 Oct 2026)
A2: Source: uploaded CSV. 243 rows = 105 parent products + 138 variations. Counts below are live formulas over the "Catalogue" sheet.
A4: Check | B4: Products | C4: % of 105 | D4: Why it matters
A5: Total parent products | B5: =COUNTA(Catalogue!$A$2:$A$106) -> 105 | D5: Baseline
A6: ALL CAPS names | B6: =COUNTIF(Catalogue!$O$2:$O$106,"*ALL CAPS name*") -> 101 | C6: =B6/$B$5 -> 0.96190476 | D6: Hard to read, looks unpolished in results; also mismatches how people search
A7: Brand missing from product name (before rewrite) | B7: 86 | C7: =B7/$B$5 -> 0.81904762 | D7: Hardcoded from the original CSV: only 15 of 101 branded products had the brand in the name, so 86 lacked it.
A8: Brand not set in WooCommerce | B8: =COUNTIF(Catalogue!$H$2:$H$106,"— missing —") -> 4 | C8: =B8/$B$5 -> 0.038095238 | D8: Missing brand hurts Shopping eligibility and brand-page SEO
A9: Unpublished products | B9: =COUNTIF(Catalogue!$N$2:$N$106,"No") -> 8 | C9: =B9/$B$5 -> 0.076190476 | D9: Includes pre-workout lines: check whether intentional
A10: Empty short description | B10: =COUNTIF(Catalogue!$O$2:$O$106,"*Empty short*") -> 4 | C10: =B10/$B$5 -> 0.038095238 | D10: Short description sits next to the buy button
A11: Empty long description | B11: =COUNTIF(Catalogue!$O$2:$O$106,"*Empty long*") -> 1 | C11: =B11/$B$5 -> 0.0095238095 | D11: No content = nothing to rank
A12: H1 inside long description | B12: =COUNTIF(Catalogue!$O$2:$O$106,"*H1 inside*") -> 36 | C12: =B12/$B$5 -> 0.34285714 | D12: Second H1 on the page confuses structure
A13: Instagram link inside body text | B13: =COUNTIF(Catalogue!$O$2:$O$106,"*Instagram link*") -> 77 | C13: =B13/$B$5 -> 0.73333333 | D13: Sends visitors away from the product page; use internal links instead
A14: Pasted HTML junk (editor classes / data attributes) | B14: =COUNTIF(Catalogue!$O$2:$O$106,"*Pasted HTML*") -> 55 | C14: =B14/$B$5 -> 0.52380952 | D14: Bloats pages, can break styling and structured text
A15: Descriptions with health-claim words | B15: =COUNTIF(Catalogue!$L$2:$L$106,"?*") -> 52 | C15: =B15/$B$5 -> 0.4952381 | D15: Swiss food rules limit health claims: client must review
A16: Claim-style product names | B16: =COUNTIF(Catalogue!$K$2:$K$106,"?*") -> 7 | C16: =B16/$B$5 -> 0.066666667 | D16: Names like "Diurétique" or "Cholesterol Support" are claims
A17: Needs category correction | B17: =COUNTIF(Catalogue!$J$2:$J$106,"?*") -> 13 | C17: =B17/$B$5 -> 0.12380952 | D17: Wrong categories dilute topical relevance
A18: Variable products with GTIN gaps | B18: =COUNTIF(Catalogue!$M$2:$M$106,"*missing*") -> 21 | C18: =B18/$B$5 -> 0.2 | D18: GTIN is strongly recommended for Merchant Center
A19: Simple products without GTIN | B19: =COUNTIF(Catalogue!$M$2:$M$106,"Missing") -> 10 | C19: =B19/$B$5 -> 0.095238095 | D19: Same
A21: Other findings
A22: • 51 of 105 products sit in "NOS BEST-SELLERS" – the label loses meaning and dilutes category pages. Keep it for ~8–12 real best sellers.
A23: • Duplicate category trees: "PERTE DE POIDS" and "COMPLÉMENTS > PERTE DE POIDS & MÉTABOLISME" (and the same for PROTÉINES) – merge into one hierarchy before the Next.js migration.
A24: • Several products carry 4–5 categories; choose one primary category per product for breadcrumbs and canonical structure.
A25: • Draft names follow: Product type + variant + size – Brand. Names are drafts: confirm unclear products (Enerdyn, Beebad, UFO Blast, Calibration, Recharge, Stage, HBVC) against the supplier label.
A26: • Meta titles are drafts; rows over 60 characters are highlighted red.
A27: • Nothing here uses facts that are not in the current export. Every unknown is marked [À VÉRIFIER].

Sheet Catalogue
A1: ID | B1: Type | C1: Current name | D1: NEW name (draft) | E1: New name length | F1: Meta title (draft) | G1: Meta length | H1: Brand | I1: Current categories | J1: Category fix | K1: Claim risk in name | L1: Claim words found in text | M1: GTIN status | N1: Published | O1: Issues found
A2: 7854 | B2: simple | C2: PW CREAPURE PREMIUM 250G | D2: Créatine Creapure® Premium 250 g – Powerfood | E2: =LEN(D2) -> 44 | F2: Créatine Creapure® Premium 250 g – Powerfood | Nutrifitness | G2: =LEN(F2) -> 59 | H2: Powerfood | I2: APRES SPORT, CRÉATINE | L2: alzheimer, parkinson | M2: Missing | N2: Yes | O2: ALL CAPS name
A3: 7870 | B3: simple | C3: GALLON NF 2.2L | D3: Gourde Gallon 2,2 L – Nutrifit | E3: =LEN(D3) -> 30 | F3: Gourde Gallon 2,2 L – Nutrifit | Nutrifitness | G3: =LEN(F3) -> 45 | H3: Nutrifit | I3: ACCESSOIRES, SHAKERS | M3: Missing | N3: Yes | O3: ALL CAPS name
A4: 7890 | B4: simple | C4: VITAMINE C LIPOSOMALE 60 CAPS | D4: Vitamine C liposomale 60 gélules – Pronutrition | E4: =LEN(D4) -> 47 | F4: Vitamine C liposomale 60 gélules – Pronutrition | G4: =LEN(F4) -> 47 | H4: Pronutrition | I4: VITAMINES - MINÉRAUX | L4: immunitaire | M4: OK | N4: Yes | O4: Instagram link in body; ALL CAPS name
A5: 7901 | B5: simple | C5: PICOLINATE DE CHROME 100 CAPS | D5: Picolinate de chrome 100 gélules – Pronutrition | E5: =LEN(D5) -> 47 | F5: Picolinate de chrome 100 gélules – Pronutrition | G5: =LEN(F5) -> 47 | H5: Pronutrition | I5: PERTE DE POIDS, COMPLÉMENTS > PERTE DE POIDS & MÉTABOLISME | L5: cholestérol, diabète, perte de poids | M5: OK | N5: Yes | O5: Instagram link in body; ALL CAPS name
A6: 8857 | B6: simple | C6: CAFFEINE 90 CAPS 100MG | D6: Caféine 100 mg – 90 gélules – Bigman | E6: =LEN(D6) -> 36 | F6: Caféine 100 mg – 90 gélules – Bigman | Nutrifitness | G6: =LEN(F6) -> 51 | H6: Bigman | I6: AVANT SPORT, NOS BEST-SELLERS | L6: soigne | M6: OK | N6: Yes | O6: Instagram link in body; ALL CAPS name
A7: 8867 | B7: simple | C7: ASHWAGANDHA 60 CAPS | D7: Ashwagandha 60 gélules – Pronutrition | E7: =LEN(D7) -> 37 | F7: Ashwagandha 60 gélules – Pronutrition | Nutrifitness | G7: =LEN(F7) -> 52 | H7: Pronutrition | I7: SOMMEIL, VITAMINES - MINÉRAUX | L7: hormon | M7: OK | N7: Yes | O7: ALL CAPS name
A8: 8942 | B8: simple | C8: BLANC D'OEUF LIQUIDE PASTEURISÉ 1L | D8: Blanc d'œuf liquide pasteurisé 1 L – Eurovo | E8: =LEN(D8) -> 43 | F8: Blanc d'œuf liquide pasteurisé 1 L – Eurovo | Nutrifitness | G8: =LEN(F8) -> 58 | H8: Eurovo | I8: SHAKERS | J8: Listed under SHAKERS – move to a food/ingredients category | M8: OK | N8: Yes | O8: Instagram link in body; ALL CAPS name
A9: 9378 | B9: variable | C9: SAVIOR RECUPERATION 950G | D9: Savior Récupération 950 g – Marvelous | E9: =LEN(D9) -> 37 | F9: Savior Récupération 950 g – Marvelous | Nutrifitness | G9: =LEN(F9) -> 52 | H9: Marvelous | I9: APRES SPORT, CRÉATINE, PENDANT SPORT | M9: OK (all variations) | N9: Yes | O9: Instagram link in body; ALL CAPS name
A10: 9526 | B10: simple | C10: CREATINE EN POUDRE 300G | D10: Créatine 200 mesh en poudre 300 g – Marvelous | E10: =LEN(D10) -> 45 | F10: Créatine 200 mesh en poudre 300 g – Marvelous | Nutrifitness | G10: =LEN(F10) -> 60 | H10: Marvelous | I10: APRES SPORT, CRÉATINE, NOS BEST-SELLERS | L10: alzheimer, jusqu'à 10, parkinson | M10: OK | N10: Yes | O10: Instagram link in body; ALL CAPS name
A11: 9616 | B11: variable | C11: NF SHAKER 600ML | D11: Shaker NF 600 ml – Nutrifit | E11: =LEN(D11) -> 27 | F11: Shaker NF 600 ml – Nutrifit | Nutrifitness | G11: =LEN(F11) -> 42 | H11: Nutrifit | I11: ACCESSOIRES, SHAKERS | L11: garantie | M11: No variations found | N11: Yes | O11: Instagram link in body; ALL CAPS name
A12: 10022 | B12: simple | C12: ZINC BISGLICINATE 90 CAP | D12: Zinc bisglycinate 90 gélules – Applied Nutrition | E12: =LEN(D12) -> 48 | F12: Zinc bisglycinate 90 gélules – Applied Nutrition | G12: =LEN(F12) -> 48 | H12: Applied Nutrition | I12: NOS BEST-SELLERS, SOMMEIL, VITAMINES - MINÉRAUX | L12: hormon, immunitaire, testostérone | M12: OK | N12: Yes | O12: H1 inside description; Instagram link in body; Pasted HTML junk; ALL CAPS name
A13: 10083 | B13: simple | C13: NF GOURDE 600ML | D13: Gourde NF 600 ml – Nutrifit | E13: =LEN(D13) -> 27 | F13: Gourde NF 600 ml – Nutrifit | Nutrifitness | G13: =LEN(F13) -> 42 | H13: Nutrifit | I13: ACCESSOIRES | M13: Missing | N13: Yes | O13: Instagram link in body; ALL CAPS name
A14: 11236 | B14: simple | C14: PROTÉINE VEGAN RIZ BRUN BIO 500G | D14: Protéine végétale de riz brun bio 500 g – Bioyos | E14: =LEN(D14) -> 48 | F14: Protéine végétale de riz brun bio 500 g – Bioyos | G14: =LEN(F14) -> 48 | H14: Bioyos | I14: NOS BEST-SELLERS, PROTÉINES, COMPLÉMENTS > PROTÉINES & GAINERS | L14: maigr | M14: OK | N14: Yes | O14: Instagram link in body; ALL CAPS name
A15: 11269 | B15: variable | C15: BIG LEAN MASS GAINER | D15: Big Lean Mass Gainer – Marvelous | E15: =LEN(D15) -> 32 | F15: Big Lean Mass Gainer – Marvelous | Nutrifitness | G15: =LEN(F15) -> 47 | H15: Marvelous | I15: PRENDRE DU MUSCLE, PROTÉINES | M15: OK (all variations) | N15: Yes | O15: Instagram link in body; Pasted HTML junk; ALL CAPS name
A16: 11296 | B16: variable | C16: HYPE AMINO 270G | D16: Hype Amino 270 g – Marvelous | E16: =LEN(D16) -> 28 | F16: Hype Amino 270 g – Marvelous | Nutrifitness | G16: =LEN(F16) -> 43 | H16: Marvelous | I16: BCAA, PENDANT SPORT | M16: No variations found | N16: Yes | O16: Instagram link in body; ALL CAPS name
A17: 11328 | B17: simple | C17: POUDRE DE COLLAGENE MIX GOÛT MANGUE 300G | D17: Collagène en poudre goût mangue 300 g – Marvelous | E17: =LEN(D17) -> 49 | F17: Collagène en poudre goût mangue 300 g – Marvelous | G17: =LEN(F17) -> 49 | H17: Marvelous | I17: NOS BEST-SELLERS, PEAU - ARTICULATIONS | M17: OK | N17: Yes | O17: Instagram link in body; ALL CAPS name
A18: 11379 | B18: simple | C18: VITAMINE C 1000MG 90 CAPS | D18: Vitamine C 1000 mg – 90 gélules – Marvelous | E18: =LEN(D18) -> 43 | F18: Vitamine C 1000 mg – 90 gélules – Marvelous | Nutrifitness | G18: =LEN(F18) -> 58 | H18: Marvelous | I18: VITAMINES - MINÉRAUX | L18: immunitaire | M18: OK | N18: Yes | O18: Instagram link in body; ALL CAPS name
A19: 11389 | B19: simple | C19: GLICEROL 300G | D19: Glycérol en poudre 300 g – Marvelous | E19: =LEN(D19) -> 36 | F19: Glycérol en poudre 300 g – Marvelous | Nutrifitness | G19: =LEN(F19) -> 51 | H19: Marvelous | I19: PENDANT SPORT | M19: OK | N19: Yes | O19: Instagram link in body; ALL CAPS name
A20: 11648 | B20: simple | C20: BETA-ALANINE EN POUDRE 250G | D20: Bêta-alanine en poudre 250 g – Marvelous | E20: =LEN(D20) -> 40 | F20: Bêta-alanine en poudre 250 g – Marvelous | Nutrifitness | G20: =LEN(F20) -> 55 | H20: Marvelous | I20: AVANT SPORT | M20: OK | N20: No | O20: Unpublished; Instagram link in body; ALL CAPS name
A21: 11806 | B21: simple | C21: OMEGA 3 - 120 SOFTGELS | D21: Oméga 3 – 120 softgels – Marvelous | E21: =LEN(D21) -> 34 | F21: Oméga 3 – 120 softgels – Marvelous | Nutrifitness | G21: =LEN(F21) -> 49 | H21: Marvelous | I21: VITAMINES - MINÉRAUX | L21: cholestérol, soigne | M21: OK | N21: Yes | O21: ALL CAPS name
A22: 12578 | B22: variable | C22: ABE ULTIMATE PRE WORKOUT 315G | D22: ABE Ultimate Pre-Workout 315 g – Applied Nutrition | E22: =LEN(D22) -> 50 | F22: ABE Ultimate Pre-Workout 315 g – Applied Nutrition | G22: =LEN(F22) -> 50 | H22: Applied Nutrition | I22: AVANT SPORT | L22: garantie, soigne | M22: OK (all variations) | N22: No | O22: Unpublished; H1 inside description; Instagram link in body; Pasted HTML junk; ALL CAPS name
A23: 12650 | B23: variable | C23: ISO WHEY ZERO 907G | D23: Iso Whey Zero 907 g – Bigman | E23: =LEN(D23) -> 28 | F23: Iso Whey Zero 907 g – Bigman | Nutrifitness | G23: =LEN(F23) -> 43 | H23: Bigman | I23: NOS BEST-SELLERS, PROTÉINES, COMPLÉMENTS > PROTÉINES & GAINERS | M23: OK (all variations) | N23: Yes | O23: ALL CAPS name
A24: 12855 | B24: simple | C24: L-ACETIL CARNITINE 60 CAPS | D24: L-acétyl-carnitine 60 gélules – Pronutrition | E24: =LEN(D24) -> 44 | F24: L-acétyl-carnitine 60 gélules – Pronutrition | Nutrifitness | G24: =LEN(F24) -> 59 | H24: Pronutrition | I24: AVANT SPORT, NOS BEST-SELLERS, PERTE DE POIDS, COMPLÉMENTS > PERTE DE POIDS & MÉTABOLISME | L24: brûle | M24: OK | N24: Yes | O24: Instagram link in body; ALL CAPS name
A25: 12867 | B25: variable | C25: FARINE DE RIZ 1.5KG | D25: Farine de riz 1,5 kg – Bigman | E25: =LEN(D25) -> 29 | F25: Farine de riz 1,5 kg – Bigman | Nutrifitness | G25: =LEN(F25) -> 44 | H25: Bigman | I25: GLUCIDES | M25: OK (all variations) | N25: Yes | O25: ALL CAPS name
A26: 12882 | B26: variable | C26: CRÈME À TARTINER 350G | D26: Crème à tartiner 350 g – Pronutrition | E26: =LEN(D26) -> 37 | F26: Crème à tartiner 350 g – Pronutrition | Nutrifitness | G26: =LEN(F26) -> 52 | H26: Pronutrition | I26: NOS BEST-SELLERS, SNACKS | M26: OK (all variations) | N26: Yes | O26: Instagram link in body; ALL CAPS name
A27: 12902 | B27: simple | C27: GLUTATHION LIPOSOMALE 30 CAPS | D27: Glutathion liposomal 30 gélules – Pronutrition | E27: =LEN(D27) -> 46 | F27: Glutathion liposomal 30 gélules – Pronutrition | G27: =LEN(F27) -> 46 | H27: Pronutrition | I27: ANTIOXYDANTS, VITAMINES - MINÉRAUX | L27: détox, immunitaire | M27: OK | N27: Yes | O27: Instagram link in body; ALL CAPS name
A28: 12913 | B28: variable | C28: FARINE DE PATATE DOUCE | D28: Farine de patate douce – Ingredients | E28: =LEN(D28) -> 36 | F28: Farine de patate douce – Ingredients | Nutrifitness | G28: =LEN(F28) -> 51 | H28: Ingredients | I28: GLUCIDES, SHAKERS | J28: Listed under SHAKERS – move to GLUCIDES only | M28: OK (all variations) | N28: Yes | O28: Instagram link in body; ALL CAPS name
A29: 12992 | B29: simple | C29: ZMA 90 CAPS | D29: ZMA 90 gélules – Marvelous | E29: =LEN(D29) -> 26 | F29: ZMA 90 gélules – Marvelous | Nutrifitness | G29: =LEN(F29) -> 41 | H29: Marvelous | I29: ÉNERGIE - RÉCUPÉRATION, SOMMEIL, VITAMINES - MINÉRAUX | L29: hormon, immunitaire, testostérone | M29: OK | N29: Yes | O29: Instagram link in body; ALL CAPS name
A30: 13016 | B30: variable | C30: HYDRA - ELECTROLYTES 210G | D30: Hydra Électrolytes 210 g – Per4m | E30: =LEN(D30) -> 32 | F30: Hydra Électrolytes 210 g – Per4m | Nutrifitness | G30: =LEN(F30) -> 47 | H30: Per4m | I30: APRES SPORT, PENDANT SPORT | M30: OK (all variations) | N30: Yes | O30: Instagram link in body; ALL CAPS name
A31: 13035 | B31: simple | C31: MAGNÉSIUM BISGLYCINATE 180G LEMON | D31: Magnésium bisglycinate citron 180 g – Pronutrition | E31: =LEN(D31) -> 50 | F31: Magnésium bisglycinate citron 180 g – Pronutrition | G31: =LEN(F31) -> 50 | H31: Pronutrition | I31: ÉNERGIE - RÉCUPÉRATION, NOS BEST-SELLERS, SOMMEIL, VITAMINES - MINÉRAUX | L31: anxiété, tension | M31: OK | N31: Yes | O31: Instagram link in body; ALL CAPS name
A32: 13708 | B32: simple | C32: CALCIUM 120 TABS | D32: Calcium 120 comprimés – Pronutrition | E32: =LEN(D32) -> 36 | F32: Calcium 120 comprimés – Pronutrition | Nutrifitness | G32: =LEN(F32) -> 51 | H32: Pronutrition | I32: VITAMINES - MINÉRAUX | M32: OK | N32: Yes | O32: Instagram link in body; ALL CAPS name
A33: 13868 | B33: simple | C33: GLUTAMINE BIGMAN KYOWA 300G | D33: Glutamine Kyowa 300 g – Bigman | E33: =LEN(D33) -> 30 | F33: Glutamine Kyowa 300 g – Bigman | Nutrifitness | G33: =LEN(F33) -> 45 | H33: Bigman | I33: APRES SPORT, DIGESTION | L33: garantie | M33: OK | N33: Yes | O33: Instagram link in body; ALL CAPS name
A34: 13873 | B34: simple | C34: CREAPURE BIGMAN 300G | D34: Créatine Creapure® 300 g – Bigman | E34: =LEN(D34) -> 33 | F34: Créatine Creapure® 300 g – Bigman | Nutrifitness | G34: =LEN(F34) -> 48 | H34: Bigman | I34: APRES SPORT, CRÉATINE | M34: OK | N34: Yes | O34: Instagram link in body; ALL CAPS name
A35: 13972 | B35: simple | C35: 20 SACHETS ENERDYN ORANGE | D35: Enerdyn Orange – 20 sachets – Pronutrition | E35: =LEN(D35) -> 42 | F35: Enerdyn Orange – 20 sachets – Pronutrition | Nutrifitness | G35: =LEN(F35) -> 57 | H35: Pronutrition | I35: APRES SPORT, CRÉATINE | J35: Listed under CRÉATINE – confirm real product type | M35: OK | N35: Yes | O35: Instagram link in body; ALL CAPS name
A36: 13985 | B36: variable | C36: FURIUX GAINER 3KG | D36: Furiux Gainer 3 kg – Bigman | E36: =LEN(D36) -> 27 | F36: Furiux Gainer 3 kg – Bigman | Nutrifitness | G36: =LEN(F36) -> 42 | H36: Bigman | I36: PRENDRE DU MUSCLE, COMPLÉMENTS > PROTÉINES & GAINERS, SHAKERS | J36: Listed under SHAKERS – move to PRENDRE DU MUSCLE / GAINERS only | M36: OK (all variations) | N36: Yes | O36: Instagram link in body; ALL CAPS name
A37: 14057 | B37: variable | C37: AUKAN PRE WORKOUT 300G | D37: Aukan Pre-Workout 300 g – Bigman | E37: =LEN(D37) -> 32 | F37: Aukan Pre-Workout 300 g – Bigman | Nutrifitness | G37: =LEN(F37) -> 47 | H37: Bigman | I37: AVANT SPORT, NOS BEST-SELLERS | M37: OK (all variations) | N37: No | O37: Unpublished; Instagram link in body; ALL CAPS name
A38: 14215 | B38: variable | C38: BM EAA 300G | D38: BM EAA 300 g – Bigman | E38: =LEN(D38) -> 21 | F38: BM EAA 300 g – Bigman | Nutrifitness | G38: =LEN(F38) -> 36 | H38: Bigman | I38: BCAA, NOS BEST-SELLERS, PENDANT SPORT | L38: immunitaire | M38: OK (all variations) | N38: Yes | O38: ALL CAPS name
A39: 14309 | B39: variable | C39: ULTIMATE WHEY BIGMAN 2KG | D39: Ultimate Whey 2 kg – Bigman | E39: =LEN(D39) -> 27 | F39: Ultimate Whey 2 kg – Bigman | Nutrifitness | G39: =LEN(F39) -> 42 | H39: Bigman | I39: NOS BEST-SELLERS, PROTÉINES, COMPLÉMENTS > PROTÉINES & GAINERS | L39: rétention d | M39: OK (all variations) | N39: Yes | O39: Instagram link in body; ALL CAPS name
A40: 14341 | B40: variable | C40: ISO BULK WHEY BIOLOGIQUE | D40: Iso Bulk Whey biologique – Marvelous | E40: =LEN(D40) -> 36 | F40: Iso Bulk Whey biologique – Marvelous | Nutrifitness | G40: =LEN(F40) -> 51 | H40: Marvelous | I40: NOS BEST-SELLERS, PROTÉINES, COMPLÉMENTS > PROTÉINES & GAINERS | M40: 2 of 5 variations missing | N40: Yes | O40: Instagram link in body; ALL CAPS name
A41: 14371 | B41: variable | C41: BEURRE DE CACAHUETE 1KG | D41: Beurre de cacahuète 1 kg – Bodyattack | E41: =LEN(D41) -> 37 | F41: Beurre de cacahuète 1 kg – Bodyattack | Nutrifitness | G41: =LEN(F41) -> 52 | H41: Bodyattack | I41: NOS BEST-SELLERS, SNACKS | M41: OK (all variations) | N41: Yes | O41: Instagram link in body; ALL CAPS name
A42: 14486 | B42: variable | C42: GHOST WHEY 918G | D42: Ghost Whey 918 g | E42: =LEN(D42) -> 16 | F42: Ghost Whey 918 g | Nutrifitness | G42: =LEN(F42) -> 31 | H42: Ghost | I42: NOS BEST-SELLERS, PROTÉINES, COMPLÉMENTS > PROTÉINES & GAINERS | M42: OK (all variations) | N42: Yes | O42: Instagram link in body; ALL CAPS name
A43: 14500 | B43: variable | C43: ON WHEY GOLD PROTÉINE 768G | D43: Whey Gold Standard 768 g – Optimum Nutrition | E43: =LEN(D43) -> 44 | F43: Whey Gold Standard 768 g – Optimum Nutrition | Nutrifitness | G43: =LEN(F43) -> 59 | H43: Optimum Nutrition | I43: NOS BEST-SELLERS, PROTÉINES, COMPLÉMENTS > PROTÉINES & GAINERS | L43: garantie | M43: OK (all variations) | N43: Yes | O43: Instagram link in body; ALL CAPS name
A44: 14520 | B44: variable | C44: GHOST PRE-WORKOUT 645G | D44: Ghost Pre-Workout 645 g | E44: =LEN(D44) -> 23 | F44: Ghost Pre-Workout 645 g | Nutrifitness | G44: =LEN(F44) -> 38 | H44: Ghost | I44: AVANT SPORT, NOS BEST-SELLERS | M44: OK (all variations) | N44: No | O44: Unpublished; Instagram link in body; ALL CAPS name
A45: 14597 | B45: simple | C45: PEPTAN COLLAGEN LEMON 300G | D45: Peptan Collagène citron 300 g – Bigman | E45: =LEN(D45) -> 38 | F45: Peptan Collagène citron 300 g – Bigman | Nutrifitness | G45: =LEN(F45) -> 53 | H45: Bigman | I45: NOS BEST-SELLERS, PEAU - ARTICULATIONS | M45: OK | N45: Yes | O45: Instagram link in body; ALL CAPS name
A46: 15217 | B46: variable | C46: EL TORO 100% CLEAR BEEF PROTÉINE 1.8KG | D46: El Toro 100 % Clear Beef Protéine 1,8 kg – Marvelous | E46: =LEN(D46) -> 52 | F46: El Toro 100 % Clear Beef Protéine 1,8 kg – Marvelous | G46: =LEN(F46) -> 52 | H46: Marvelous | I46: NOS BEST-SELLERS, PROTÉINES, COMPLÉMENTS > PROTÉINES & GAINERS | M46: 1 of 4 variations missing | N46: Yes | O46: Instagram link in body; ALL CAPS name
A47: 15357 | B47: simple | C47: BEEBAD 250ML | D47: Beebad 250 ml | E47: =LEN(D47) -> 13 | F47: Beebad 250 ml | Nutrifitness | G47: =LEN(F47) -> 28 | H47: Beebad | I47: NOS BEST-SELLERS, SHAKERS, SNACKS | J47: Listed under SHAKERS – confirm real product type | L47: immunitaire | M47: OK | N47: Yes | O47: Empty short description; H1 inside description; Instagram link in body; ALL CAPS name
A48: 15512 | B48: variable | C48: CORNETTO CROISSANT KETO 50G | D48: Cornetto croissant keto 50 g – Pronutrition | E48: =LEN(D48) -> 43 | F48: Cornetto croissant keto 50 g – Pronutrition | Nutrifitness | G48: =LEN(F48) -> 58 | H48: Pronutrition | I48: NOS BEST-SELLERS, SNACKS | L48: soigne | M48: OK (all variations) | N48: Yes | O48: H1 inside description; Instagram link in body; ALL CAPS name
A49: 15582 | B49: simple | C49: ALIVE SYSTEME IMMUNITAIRE 120 CAPS | D49: Alive Système immunitaire 120 gélules – Marvelous | E49: =LEN(D49) -> 49 | F49: Alive Système immunitaire 120 gélules – Marvelous | G49: =LEN(F49) -> 49 | H49: Marvelous | I49: VITAMINES - MINÉRAUX | L49: cholestérol, hormon, immunitaire, tension | M49: OK | N49: Yes | O49: H1 inside description; ALL CAPS name
A50: 18240 | B50: simple | C50: IGNITE BURN 210g ORANGE MANGUE | D50: Ignite Burn Orange Mangue 210 g | E50: =LEN(D50) -> 31 | F50: Ignite Burn Orange Mangue 210 g | Nutrifitness | G50: =LEN(F50) -> 46 | H50: — missing — | I50: AVANT SPORT, NOS BEST-SELLERS, PERTE DE POIDS, COMPLÉMENTS > PERTE DE POIDS & MÉTABOLISME | K50: "Burn" in name | L50: brûle | M50: OK | N50: Yes | O50: No brand set; H1 inside description; Instagram link in body; Pasted HTML junk
A51: 18593 | B51: simple | C51: MAGNÉSIUM BISGLYCINATE 90 CAPS | D51: Magnésium bisglycinate 90 gélules – Marvelous | E51: =LEN(D51) -> 45 | F51: Magnésium bisglycinate 90 gélules – Marvelous | Nutrifitness | G51: =LEN(F51) -> 60 | H51: Marvelous | I51: NOS BEST-SELLERS, SOMMEIL, VITAMINES - MINÉRAUX | M51: OK | N51: Yes | O51: Instagram link in body; Pasted HTML junk; ALL CAPS name
A52: 18598 | B52: simple | C52: NOX BURN 90 CAPS | D52: Nox Burn 90 gélules – Bigman | E52: =LEN(D52) -> 28 | F52: Nox Burn 90 gélules – Bigman | Nutrifitness | G52: =LEN(F52) -> 43 | H52: Bigman | I52: PERTE DE POIDS, COMPLÉMENTS > PERTE DE POIDS & MÉTABOLISME | K52: "Burn" in name | L52: brûle, perte de poids | M52: OK | N52: Yes | O52: H1 inside description; Instagram link in body; Pasted HTML junk; ALL CAPS name
A53: 18720 | B53: simple | C53: TESTO ANABOL 90 COMPRIMÉS | D53: Testo Anabol 90 comprimés – Pronutrition | E53: =LEN(D53) -> 40 | F53: Testo Anabol 90 comprimés – Pronutrition | Nutrifitness | G53: =LEN(F53) -> 55 | H53: Pronutrition | I53: SOMMEIL | J53: Listed under SOMMEIL – wrong category | K53: "Anabol" / testosterone positioning | L53: hormon, testostérone | M53: OK | N53: Yes | O53: Pasted HTML junk; ALL CAPS name
A54: 19143 | B54: simple | C54: CARNITINE SHOT LEMON 20 FIOLLES | D54: Carnitine shot citron – 20 fioles – Bigman | E54: =LEN(D54) -> 42 | F54: Carnitine shot citron – 20 fioles – Bigman | Nutrifitness | G54: =LEN(F54) -> 57 | H54: Bigman | I54: NOS BEST-SELLERS, PERTE DE POIDS, COMPLÉMENTS > PERTE DE POIDS & MÉTABOLISME | L54: perte de poids | M54: OK | N54: Yes | O54: Pasted HTML junk; ALL CAPS name
A55: 19174 | B55: simple | C55: NAC + VITAMINE C-D 60 TABS | D55: NAC + Vitamine C-D 60 comprimés – Pronutrition | E55: =LEN(D55) -> 46 | F55: NAC + Vitamine C-D 60 comprimés – Pronutrition | G55: =LEN(F55) -> 46 | H55: Pronutrition | I55: VITAMINES - MINÉRAUX | L55: détox, immunitaire | M55: OK | N55: Yes | O55: H1 inside description; Instagram link in body; Pasted HTML junk; ALL CAPS name
A56: 19180 | B56: simple | C56: ONE PIECE WHEY 1KG CHOCOLAT | D56: One Piece Whey chocolat 1 kg – Big | E56: =LEN(D56) -> 34 | F56: One Piece Whey chocolat 1 kg – Big | Nutrifitness | G56: =LEN(F56) -> 49 | H56: Big | I56: COMPLÉMENTS > PROTÉINES & GAINERS, SHAKERS | J56: Listed under SHAKERS – move to PROTÉINES only | M56: OK | N56: Yes | O56: H1 inside description; Instagram link in body; Pasted HTML junk; ALL CAPS name
A57: 19220 | B57: variable | C57: OZER VEGAN POST WORKOUT | D57: Ozer Vegan Post-Workout | E57: =LEN(D57) -> 23 | F57: Ozer Vegan Post-Workout | Nutrifitness | G57: =LEN(F57) -> 38 | H57: Ozer | I57: PROTÉINES, SHAKERS | J57: Listed under SHAKERS – move to PROTÉINES only | L57: détox | M57: OK (all variations) | N57: Yes | O57: H1 inside description; Instagram link in body; Pasted HTML junk; ALL CAPS name
A58: 20141 | B58: simple | C58: GLUCOART 90 Tabs | D58: Glucoart 90 comprimés – Pronutrition | E58: =LEN(D58) -> 36 | F58: Glucoart 90 comprimés – Pronutrition | Nutrifitness | G58: =LEN(F58) -> 51 | H58: Pronutrition | I58: NOS BEST-SELLERS, PERTE DE POIDS, COMPLÉMENTS > PERTE DE POIDS & MÉTABOLISME, VITAMINES - MINÉRAUX | M58: Missing | N58: Yes | O58: Pasted HTML junk
A59: 20145 | B59: simple | C59: GLUCOART POUDRE 200G | D59: Glucoart poudre 200 g – Pronutrition | E59: =LEN(D59) -> 36 | F59: Glucoart poudre 200 g – Pronutrition | Nutrifitness | G59: =LEN(F59) -> 51 | H59: Pronutrition | I59: NOS BEST-SELLERS, PERTE DE POIDS, COMPLÉMENTS > PERTE DE POIDS & MÉTABOLISME, VITAMINES - MINÉRAUX | M59: OK | N59: Yes | O59: Empty short description; H1 inside description; Pasted HTML junk; ALL CAPS name
A60: 20150 | B60: simple | C60: SHILAJIT PURE RESINE | D60: Shilajit résine pure | E60: =LEN(D60) -> 20 | F60: Shilajit résine pure | Nutrifitness | G60: =LEN(F60) -> 35 | H60: Shilajit | I60: NOS BEST-SELLERS, VITAMINES - MINÉRAUX | L60: détox, guéri | M60: Missing | N60: Yes | O60: Instagram link in body; Pasted HTML junk; ALL CAPS name
A61: 20183 | B61: simple | C61: FER LIPOSOMALE 90 TABS | D61: Fer liposomal 90 comprimés – Pronutrition | E61: =LEN(D61) -> 41 | F61: Fer liposomal 90 comprimés – Pronutrition | Nutrifitness | G61: =LEN(F61) -> 56 | H61: Pronutrition | I61: VITAMINES - MINÉRAUX | L61: immunitaire | M61: OK | N61: Yes | O61: Instagram link in body; Pasted HTML junk; ALL CAPS name
A62: 20198 | B62: variable | C62: INFECTED PRE WORKOUT SANS STIM 500G | D62: Infected Pre-Workout sans stimulants 500 g – Marvelous | E62: =LEN(D62) -> 54 | F62: Infected Pre-Workout sans stimulants 500 g – Marvelous | G62: =LEN(F62) -> 54 | H62: Marvelous | I62: AVANT SPORT, NOS BEST-SELLERS | M62: OK (all variations) | N62: No | O62: Unpublished; Instagram link in body; Pasted HTML junk; ALL CAPS name
A63: 20353 | B63: simple | C63: MK7 VITAMINE D3 K2 90 CAPS | D63: MK7 Vitamine D3 K2 90 gélules – Marvelous | E63: =LEN(D63) -> 41 | F63: MK7 Vitamine D3 K2 90 gélules – Marvelous | Nutrifitness | G63: =LEN(F63) -> 56 | H63: Marvelous | I63: VITAMINES - MINÉRAUX | L63: immunitaire | M63: OK | N63: Yes | O63: H1 inside description; Instagram link in body; Pasted HTML junk; ALL CAPS name
A64: 20358 | B64: simple | C64: STAGE DIURETIQUE 45 CAPS | D64: Stage Drainage 45 gélules – Marvelous | E64: =LEN(D64) -> 37 | F64: Stage Drainage 45 gélules – Marvelous | Nutrifitness | G64: =LEN(F64) -> 52 | H64: Marvelous | I64: NOS BEST-SELLERS, PERTE DE POIDS, COMPLÉMENTS > PERTE DE POIDS & MÉTABOLISME, VITAMINES - MINÉRAUX | J64: Listed under VITAMINES - MINÉRAUX + PERTE DE POIDS – pick one primary | K64: "Diurétique" in current name (claim) | L64: diurétique, dépura, détox, rétention d | M64: Missing | N64: Yes | O64: H1 inside description; Pasted HTML junk; ALL CAPS name
A65: 20370 | B65: simple | C65: RECHARGE 90 CAPS | D65: Recharge 90 gélules – Marvelous | E65: =LEN(D65) -> 31 | F65: Recharge 90 gélules – Marvelous | Nutrifitness | G65: =LEN(F65) -> 46 | H65: Marvelous | I65: APRES SPORT, NOS BEST-SELLERS, PERTE DE POIDS, COMPLÉMENTS > PERTE DE POIDS & MÉTABOLISME, VITAMINES - MINÉRAUX | J65: 5 categories – pick one primary | M65: OK | N65: Yes | O65: H1 inside description; Instagram link in body; Pasted HTML junk; ALL CAPS name
A66: 20440 | B66: variable | C66: PANCAKE PROTÉINÉS 800G | D66: Pancakes protéinés 800 g – Pronutrition | E66: =LEN(D66) -> 39 | F66: Pancakes protéinés 800 g – Pronutrition | Nutrifitness | G66: =LEN(F66) -> 54 | H66: Pronutrition | I66: PROTÉINES, SNACKS | M66: 1 of 3 variations missing | N66: Yes | O66: Instagram link in body; Pasted HTML junk; ALL CAPS name
A67: 20464 | B67: simple | C67: CALIBRATION ORGANE SUPPORT 120 CAPS | D67: Calibration Organe Support 120 gélules – Marvelous | E67: =LEN(D67) -> 50 | F67: Calibration Organe Support 120 gélules – Marvelous | G67: =LEN(F67) -> 50 | H67: Marvelous | I67: NOS BEST-SELLERS, VITAMINES - MINÉRAUX | L67: détox, hormon | M67: OK | N67: Yes | O67: Instagram link in body; Pasted HTML junk; ALL CAPS name
A68: 20531 | B68: variable | C68: MARVELOUS CRÈME DE RIZ 1.4KG | D68: Crème de riz 1,4 kg – Marvelous | E68: =LEN(D68) -> 31 | F68: Crème de riz 1,4 kg – Marvelous | Nutrifitness | G68: =LEN(F68) -> 46 | H68: Marvelous | I68: GLUCIDES, NOS BEST-SELLERS, PRENDRE DU MUSCLE, SNACKS | M68: 2 of 6 variations missing | N68: Yes | O68: Instagram link in body; Pasted HTML junk; ALL CAPS name
A69: 20727 | B69: variable | C69: MUSCLES WHEY 2KG | D69: Muscles Whey 2 kg – Marvelous | E69: =LEN(D69) -> 29 | F69: Muscles Whey 2 kg – Marvelous | Nutrifitness | G69: =LEN(F69) -> 44 | H69: Marvelous | I69: PROTÉINES, COMPLÉMENTS > PROTÉINES & GAINERS | L69: garantie | M69: OK (all variations) | N69: Yes | O69: Instagram link in body; Pasted HTML junk; ALL CAPS name
A70: 20929 | B70: variable | C70: MEGA MASS 4000 3KG | D70: Mega Mass 4000 3 kg – Dymatize | E70: =LEN(D70) -> 30 | F70: Mega Mass 4000 3 kg – Dymatize | Nutrifitness | G70: =LEN(F70) -> 45 | H70: Dymatize | I70: PRENDRE DU MUSCLE, PROTÉINES | M70: OK (all variations) | N70: Yes | O70: Pasted HTML junk; ALL CAPS name
A71: 21032 | B71: simple | C71: L-CITRULLINE 100% PURE 250G | D71: L-citrulline 100 % pure 250 g – Marvelous | E71: =LEN(D71) -> 41 | F71: L-citrulline 100 % pure 250 g – Marvelous | Nutrifitness | G71: =LEN(F71) -> 56 | H71: Marvelous | I71: AVANT SPORT | L71: hormon | M71: OK | N71: Yes | O71: H1 inside description; Instagram link in body; Pasted HTML junk; ALL CAPS name
A72: 21181 | B72: simple | C72: MORE SPRAY COOKER 200ML | D72: Spray de cuisson 200 ml – More | E72: =LEN(D72) -> 30 | F72: Spray de cuisson 200 ml – More | Nutrifitness | G72: =LEN(F72) -> 45 | H72: More | I72: SNACKS | J72: Cooking spray in SNACKS – consider a food/pantry category | L72: perte de poids | M72: OK | N72: Yes | O72: Pasted HTML junk; ALL CAPS name
A73: 21210 | B73: variable | C73: MUFFIN KETO SANS SUCRES 50G | D73: Muffin keto sans sucres 50 g – Pronutrition | E73: =LEN(D73) -> 43 | F73: Muffin keto sans sucres 50 g – Pronutrition | Nutrifitness | G73: =LEN(F73) -> 58 | H73: Pronutrition | I73: NOS BEST-SELLERS, SNACKS | M73: 1 of 3 variations missing | N73: No | O73: Unpublished; H1 inside description; Pasted HTML junk; ALL CAPS name
A74: 21257 | B74: variable | C74: MAX PROTÉINES COOKIE | D74: Max Protein Cookie – Bigs Supplements | E74: =LEN(D74) -> 37 | F74: Max Protein Cookie – Bigs Supplements | Nutrifitness | G74: =LEN(F74) -> 52 | H74: Bigs Supplements | I74: SNACKS | M74: OK (all variations) | N74: Yes | O74: H1 inside description; Instagram link in body; Pasted HTML junk; ALL CAPS name
A75: 21282 | B75: variable | C75: NUTRY NUTS CUPS | D75: Nutry Nuts Cups | E75: =LEN(D75) -> 15 | F75: Nutry Nuts Cups | Nutrifitness | G75: =LEN(F75) -> 30 | H75: Nutry | I75: SNACKS | M75: 4 of 6 variations missing | N75: Yes | O75: H1 inside description; Instagram link in body; Pasted HTML junk; ALL CAPS name
A76: 21360 | B76: simple | C76: CAFFEINE 200MG 60 TABS | D76: Caféine 200 mg – 60 comprimés – Pronutrition | E76: =LEN(D76) -> 44 | F76: Caféine 200 mg – 60 comprimés – Pronutrition | Nutrifitness | G76: =LEN(F76) -> 59 | H76: Pronutrition | I76: AVANT SPORT | M76: Missing | N76: Yes | O76: H1 inside description; Instagram link in body; Pasted HTML junk; ALL CAPS name
A77: 21373 | B77: simple | C77: PEANUT BUTTER CREMEUX 500G | D77: Beurre de cacahuète crémeux 500 g – Pronutrition | E77: =LEN(D77) -> 48 | F77: Beurre de cacahuète crémeux 500 g – Pronutrition | G77: =LEN(F77) -> 48 | H77: Pronutrition | I77: SNACKS | L77: soigne | M77: Missing | N77: Yes | O77: H1 inside description; Instagram link in body; Pasted HTML junk; ALL CAPS name
A78: 21419 | B78: simple | C78: NAC PHARMA GRADE 60 CAPS | D78: NAC Pharma Grade 60 gélules – Marvelous | E78: =LEN(D78) -> 39 | F78: NAC Pharma Grade 60 gélules – Marvelous | Nutrifitness | G78: =LEN(F78) -> 54 | H78: Marvelous | I78: NOS BEST-SELLERS, VITAMINES - MINÉRAUX | L78: détox, immunitaire | M78: OK | N78: Yes | O78: H1 inside description; Instagram link in body; Pasted HTML junk; ALL CAPS name
A79: 21628 | B79: simple | C79: UFO BLAST | D79: UFO Blast | E79: =LEN(D79) -> 9 | F79: UFO Blast | Nutrifitness | G79: =LEN(F79) -> 24 | H79: — missing — | I79: AVANT SPORT, NOS BEST-SELLERS | M79: Missing | N79: No | O79: No brand set; Empty short description; Empty long description; Unpublished; ALL CAPS name
A80: 21650 | B80: simple | C80: TESTOMAN 120 CAPS | D80: Testoman 120 gélules – Marvelous | E80: =LEN(D80) -> 32 | F80: Testoman 120 gélules – Marvelous | Nutrifitness | G80: =LEN(F80) -> 47 | H80: Marvelous | I80: NOS BEST-SELLERS, VITAMINES - MINÉRAUX | K80: Testosterone positioning in name | L80: hormon, maigr, testostérone | M80: Missing | N80: Yes | O80: H1 inside description; Pasted HTML junk; ALL CAPS name
A81: 21724 | B81: simple | C81: HBVC CHOLESTEROL SUPPORT 90 CAPS | D81: HBVC 90 gélules – Marvelous | E81: =LEN(D81) -> 27 | F81: HBVC 90 gélules – Marvelous | Nutrifitness | G81: =LEN(F81) -> 42 | H81: Marvelous | I81: NOS BEST-SELLERS, VITAMINES - MINÉRAUX | K81: "Cholesterol Support" in current name (claim) | L81: cholestérol, hormon | M81: OK | N81: Yes | O81: H1 inside description; Instagram link in body; Pasted HTML junk; ALL CAPS name
A82: 21727 | B82: simple | C82: SUPER DIGESTIVE 60 CAPS | D82: Super Digestive 60 gélules – Marvelous | E82: =LEN(D82) -> 38 | F82: Super Digestive 60 gélules – Marvelous | Nutrifitness | G82: =LEN(F82) -> 53 | H82: Marvelous | I82: NOS BEST-SELLERS, VITAMINES - MINÉRAUX | M82: OK | N82: Yes | O82: H1 inside description; Instagram link in body; Pasted HTML junk; ALL CAPS name
A83: 21744 | B83: variable | C83: BIG FLAPJACK 100G | D83: Big Flapjack 100 g – Moose Muscle | E83: =LEN(D83) -> 33 | F83: Big Flapjack 100 g – Moose Muscle | Nutrifitness | G83: =LEN(F83) -> 48 | H83: Moose Muscle | I83: SNACKS | M83: 1 of 5 variations missing | N83: Yes | O83: H1 inside description; Instagram link in body; Pasted HTML junk; ALL CAPS name
A84: 21850 | B84: simple | C84: PIADINA KETO 120G | D84: Piadina keto 120 g – Pronutrition | E84: =LEN(D84) -> 33 | F84: Piadina keto 120 g – Pronutrition | Nutrifitness | G84: =LEN(F84) -> 48 | H84: Pronutrition | I84: NOS BEST-SELLERS, SNACKS | M84: OK | N84: Yes | O84: Pasted HTML junk; ALL CAPS name
A85: 21877 | B85: simple | C85: CREATINE POUDRE 90G | D85: Créatine en poudre 90 g – Bigman | E85: =LEN(D85) -> 32 | F85: Créatine en poudre 90 g – Bigman | Nutrifitness | G85: =LEN(F85) -> 47 | H85: Bigman | I85: AVANT SPORT, CRÉATINE, NOS BEST-SELLERS | L85: garantie | M85: OK | N85: Yes | O85: Instagram link in body; Pasted HTML junk; ALL CAPS name
A86: 21951 | B86: variable | C86: ISO 80X GRASS FED 2KG | D86: Iso 80X Grass Fed 2 kg – Dirty Squads | E86: =LEN(D86) -> 37 | F86: Iso 80X Grass Fed 2 kg – Dirty Squads | Nutrifitness | G86: =LEN(F86) -> 52 | H86: Dirty Squads | I86: NOS BEST-SELLERS, PROTÉINES, COMPLÉMENTS > PROTÉINES & GAINERS | M86: 4 of 4 variations missing | N86: Yes | O86: ALL CAPS name
A87: 21965 | B87: variable | C87: ISO 90X CFM 1KG | D87: Iso 90X CFM 1 kg – Dirty Squads | E87: =LEN(D87) -> 31 | F87: Iso 90X CFM 1 kg – Dirty Squads | Nutrifitness | G87: =LEN(F87) -> 46 | H87: Dirty Squads | I87: PROTÉINES, COMPLÉMENTS > PROTÉINES & GAINERS | L87: maigr | M87: OK (all variations) | N87: Yes | O87: Instagram link in body; ALL CAPS name
A88: 21979 | B88: variable | C88: DIRTY AMINO X9 300G | D88: Dirty Amino X9 300 g – Dirty Squads | E88: =LEN(D88) -> 35 | F88: Dirty Amino X9 300 g – Dirty Squads | Nutrifitness | G88: =LEN(F88) -> 50 | H88: Dirty Squads | I88: APRES SPORT, AVANT SPORT, BCAA, NOS BEST-SELLERS, PENDANT SPORT | M88: OK (all variations) | N88: Yes | O88: Instagram link in body; Pasted HTML junk; ALL CAPS name
A89: 22011 | B89: simple | C89: DIRTY CLUSTER DEX 1KG | D89: Dirty Cluster Dex 1 kg – Dirty Squads | E89: =LEN(D89) -> 37 | F89: Dirty Cluster Dex 1 kg – Dirty Squads | Nutrifitness | G89: =LEN(F89) -> 52 | H89: Dirty Squads | I89: APRES SPORT, AVANT SPORT, NOS BEST-SELLERS, PENDANT SPORT | M89: OK | N89: Yes | O89: H1 inside description; Pasted HTML junk; ALL CAPS name
A90: 22386 | B90: variable | C90: ANABOLIC MASS 2.5KG | D90: Anabolic Mass 2,5 kg – Dirty Squads | E90: =LEN(D90) -> 35 | F90: Anabolic Mass 2,5 kg – Dirty Squads | Nutrifitness | G90: =LEN(F90) -> 50 | H90: Dirty Squads | I90: NOS BEST-SELLERS, PRENDRE DU MUSCLE, COMPLÉMENTS > PROTÉINES & GAINERS | M90: OK (all variations) | N90: Yes | O90: Pasted HTML junk; ALL CAPS name
A91: 22608 | B91: simple | C91: Ashwagandha KSM-66® 600mg | D91: Ashwagandha KSM-66® 600 mg – Bigman | E91: =LEN(D91) -> 35 | F91: Ashwagandha KSM-66® 600 mg – Bigman | Nutrifitness | G91: =LEN(F91) -> 50 | H91: Bigman | I91: COMPLÉMENTS > SANTÉ & BIEN-ÊTRE | M91: OK | N91: Yes | O91: Instagram link in body; Pasted HTML junk
A92: 22614 | B92: variable | C92: ABE DRINK | D92: ABE Drink – Applied Nutrition | E92: =LEN(D92) -> 29 | F92: ABE Drink – Applied Nutrition | Nutrifitness | G92: =LEN(F92) -> 44 | H92: Applied Nutrition | I92: COMPLÉMENTS > PERFORMANCE & PRÉ-WORKOUT | M92: OK (all variations) | N92: Yes | O92: Instagram link in body; Pasted HTML junk; ALL CAPS name
A93: 22738 | B93: simple | C93: PURÉE D'AMANDE 650G | D93: Purée d'amande 650 g – Bio pour tous | E93: =LEN(D93) -> 36 | F93: Purée d'amande 650 g – Bio pour tous | Nutrifitness | G93: =LEN(F93) -> 51 | H93: Bio pour tous | I93: NUTRITION SPORTIVE & HEALTHY FOOD > BEURRE & PRÉPARATIONS SPORTIVES, NOS BEST-SELLERS, NUTRITION SPORTIVE & HEALTHY FOOD, SNACKS | L93: soigne | M93: OK | N93: Yes | O93: H1 inside description; Instagram link in body; Pasted HTML junk; ALL CAPS name
A94: 23499 | B94: variable | C94: FRUTILU HYDRATION SACHET | D94: Frutilu Hydratation – sachets – Pronutrition | E94: =LEN(D94) -> 44 | F94: Frutilu Hydratation – sachets – Pronutrition | Nutrifitness | G94: =LEN(F94) -> 59 | H94: Pronutrition | I94: NOS BEST-SELLERS, SNACKS, VITAMINES - MINÉRAUX | L94: immunitaire | M94: 1 of 6 variations missing | N94: Yes | O94: Pasted HTML junk; ALL CAPS name
A95: 23519 | B95: simple | C95: BERBERINA 60 TABS | D95: Berbérine 60 comprimés – Pronutrition | E95: =LEN(D95) -> 37 | F95: Berbérine 60 comprimés – Pronutrition | Nutrifitness | G95: =LEN(F95) -> 52 | H95: Pronutrition | I95: AVANT SPORT, NOS BEST-SELLERS, PERTE DE POIDS, COMPLÉMENTS > PERTE DE POIDS & MÉTABOLISME | L95: détox, soigne, traite | M95: OK | N95: Yes | O95: Pasted HTML junk; ALL CAPS name
A96: 24641 | B96: variable | C96: STIMX 300G | D96: StimX 300 g – Dirty Squads | E96: =LEN(D96) -> 26 | F96: StimX 300 g – Dirty Squads | Nutrifitness | G96: =LEN(F96) -> 41 | H96: Dirty Squads | I96: AVANT SPORT | L96: soigne | M96: 1 of 3 variations missing | N96: No | O96: Unpublished; H1 inside description; Pasted HTML junk; ALL CAPS name
A97: 24655 | B97: simple | C97: BROMÉLAÏNE 60 TABS 1000MG | D97: Bromélaïne 1000 mg – 60 comprimés – Pronutrition | E97: =LEN(D97) -> 48 | F97: Bromélaïne 1000 mg – 60 comprimés – Pronutrition | G97: =LEN(F97) -> 48 | H97: Pronutrition | I97: NOS BEST-SELLERS, PERTE DE POIDS, COMPLÉMENTS > PERTE DE POIDS & MÉTABOLISME | L97: traite | M97: OK | N97: Yes | O97: Instagram link in body; Pasted HTML junk; ALL CAPS name
A98: 24668 | B98: simple | C98: FAT BURN 60 CAPS | D98: Fat Burn 60 gélules – Dirty Squads | E98: =LEN(D98) -> 34 | F98: Fat Burn 60 gélules – Dirty Squads | Nutrifitness | G98: =LEN(F98) -> 49 | H98: Dirty Squads | I98: AVANT SPORT | K98: "Fat Burn" in name (claim) | L98: brûle, perte de poids | M98: OK | N98: Yes | O98: H1 inside description; Pasted HTML junk; ALL CAPS name
A99: 25024 | B99: simple | C99: ZINC BISGLYCINATE 160 CAPS | D99: Zinc bisglycinate 160 gélules – Bodyattack | E99: =LEN(D99) -> 42 | F99: Zinc bisglycinate 160 gélules – Bodyattack | Nutrifitness | G99: =LEN(F99) -> 57 | H99: Bodyattack | I99: VITAMINES - MINÉRAUX | L99: hormon, immunitaire, testostérone | M99: OK | N99: Yes | O99: H1 inside description; Instagram link in body; Pasted HTML junk; ALL CAPS name
A100: 25033 | B100: simple | C100: MAGNÉSIUM BISGLYCINATE 60 TABS | D100: Magnésium bisglycinate 60 comprimés | E100: =LEN(D100) -> 35 | F100: Magnésium bisglycinate 60 comprimés | Nutrifitness | G100: =LEN(F100) -> 50 | H100: — missing — | I100: SHAKERS | J100: Listed under SHAKERS – move to VITAMINES - MINÉRAUX | M100: OK | N100: Yes | O100: No brand set; Empty short description; H1 inside description; Instagram link in body; Pasted HTML junk; ALL CAPS name
...

Sheet Pilot rewrites
A1: Field | B1: Product 1 – ID 25611 (Applied Nutrition) | C1: Product 2 – ID 9526 (Marvelous)
A2: Current name | B2: APPLIED CREATINE MONOHYDRATE 250G | C2: CREATINE EN POUDRE 300G
A3: NEW name | B3: Créatine monohydrate 250 g – Applied Nutrition | C3: Créatine 200 mesh en poudre 300 g – Marvelous
A4: New short description | B4: Créatine monohydrate micronisée à 100 %, en pot de 250 g (50 portions de 5 g). Une poudre simple, sans autre ingrédient, pour les sportifs en musculation et en efforts intenses et répétés. Se mélange à l'eau ou au shaker. Testée dans le cadre du programme Informed Sport. | C4: Créatine en poudre 200 mesh (particules très fines), pot de 300 g, pour la musculation et les sports de force. Dose d'usage : 5 g par jour, à mélanger à la boisson de votre choix. [À VÉRIFIER : forme de créatine et nombre de portions sur l'étiquette]
A5: Meta title | B5: Créatine monohydrate 250 g – Applied Nutrition | C5: Créatine 200 mesh 300 g – Marvelous | Nutrifitness
A6: Meta description | B6: Créatine monohydrate micronisée Applied Nutrition, 250 g (50 portions de 5 g). Boutique à Genève et livraison dans toute la Suisse. | C6: Créatine en poudre 200 mesh Marvelous, pot de 300 g. Mode d'emploi, conseils et livraison en Suisse. Boutique à Genève.
A7: Image alt text 1 | B7: Pot de créatine monohydrate Applied Nutrition 250 g | C7: Pot de créatine en poudre 200 mesh Marvelous 300 g
A8: Image alt text 2 | B8: Valeurs nutritionnelles de la créatine monohydrate Applied Nutrition 250 g | C8: [À définir selon l'image d'étiquette]
A9: New long description (HTML, no H1) | B9: <h2>Créatine monohydrate Applied Nutrition 250 g : l'essentiel</h2> <p>Cette créatine monohydrate Applied Nutrition est une poudre micronisée composée à 100 % de créatine monohydrate. Elle s'adresse aux sportifs qui pratiquent la musculation ou des efforts courts, intenses et répétés. Le pot de 250 g contient 50 portions de 5 g.</p> <h2>Pour qui ?</h2> <p>Pour les pratiquants de musculation, de sports de force ou d'entraînements par séries courtes et intenses, qui cherchent un complément simple, sans mélange d'ingrédients.</p> <h2>Caractéristiques clés</h2> <ul> <li>100 % créatine monohydrate micronisée, sans autre ingrédient</li> <li>5 g (5 000 mg) de créatine par portion</li> <li>Pot de 250 g = 50 portions</li> <li>Poudre fine qui se mélange facilement à l'eau ou à un shaker</li> <li>Testée dans le cadre du programme Informed Sport</li> </ul> <h2>Conseils d'utilisation</h2> <p>Mélangez 1 mesure de 5 g avec 200 à 300 ml d'eau ou votre boisson préférée. Prenez-la tous les jours, y compris les jours de repos. Vous pouvez aussi l'ajouter à votre shaker de protéines. Respectez les recommandations figurant sur l'emballage.</p> <p>La créatine augmente la performance physique lors d'exercices successifs de courte durée et de haute intensité. L'effet bénéfique est obtenu avec une consommation quotidienne de 3 g.</p> <h2>Composition et valeurs nutritionnelles</h2> <table><tr><th>Information</th><th>Par portion</th></tr> <tr><td>Créatine monohydrate</td><td>5 000 mg</td></tr> <tr><td>Taille d'une portion</td><td>5 g</td></tr> <tr><td>Nombre de portions</td><td>50</td></tr> <tr><td>Poids net</td><td>250 g</td></tr></table> <p><strong>Ingrédients :</strong> 100 % créatine monohydrate.<br><strong>Allergènes :</strong> fabriquée dans une installation qui manipule aussi du lait, du soja, des œufs, du poisson, du gluten et leurs dérivés.</p> <p><em>Les compléments alimentaires ne remplacent pas une alimentation variée et équilibrée. En cas de maladie rénale, demandez conseil à votre médecin avant toute supplémentation.</em></p> <h2>Acheter chez Nutrifitness</h2> <p>Disponible dans notre boutique de Genève et en livraison dans toute la Suisse.</p> <h2>Questions fréquentes</h2> <h3>Combien de temps dure un pot de 250 g ?</h3> <p>Avec une portion de 5 g par jour, un pot dure 50 jours.</p> <h3>Faut-il prendre la créatine les jours de repos ?</h3> <p>Oui, la prise quotidienne est recommandée, y compris les jours sans entraînement.</p> <h3>Peut-on la mélanger à sa protéine en poudre ?</h3> <p>Oui, vous pouvez ajouter la mesure de 5 g directement dans votre shaker de protéines ou la diluer dans de l'eau.</p> <h3>Quelle est la différence avec une créatine « 200 mesh » ?</h3> <p>Ici la poudre est micronisée (très fine). Le détail de la finesse n'est pas précisé sur la fiche d'origine : <strong>[À VÉRIFIER avec le fournisseur avant publication]</strong>.</p> | C9: <h2>Créatine 200 mesh en poudre 300 g Marvelous : l'essentiel</h2> <p>La créatine 200 mesh de Marvelous est une poudre à granulométrie très fine : « 200 mesh » désigne des particules généralement inférieures à 74 microns, ce qui facilite le mélange dans une boisson. Pot de 300 g. <strong>[À VÉRIFIER : forme de créatine (monohydrate ?) et nombre de portions sur l'étiquette]</strong></p> <h2>Pour qui ?</h2> <p>Pour les pratiquants de musculation, de sports de force et d'entraînements par séries courtes et intenses.</p> <h2>Caractéristiques clés</h2> <ul> <li>Créatine en poudre 200 mesh (particules très fines)</li> <li>Pot de 300 g</li> <li>Dose d'usage : 5 g par jour (1 mesure)</li> <li>Se mélange à la boisson de votre choix</li> </ul> <h2>Conseils d'utilisation</h2> <p>Prenez 5 g (1 mesure) par jour, de préférence après l'entraînement, avec une source de sucres rapides (banane, miel ou compote de pomme par exemple). Les jours sans entraînement, prenez 5 g le matin dans un jus de fruit pour garder un apport régulier.</p> <p>La créatine augmente la performance physique lors d'exercices successifs de courte durée et de haute intensité. L'effet bénéfique est obtenu avec une consommation quotidienne de 3 g. <strong>[Formulation à faire valider par le client selon la réglementation suisse]</strong></p> <h2>Composition et valeurs nutritionnelles</h2> <p><strong>[À COMPLÉTER depuis l'étiquette : ingrédients, valeurs par portion, taille de portion, allergènes, pays de fabrication]</strong></p> <p><em>Les compléments alimentaires ne remplacent pas une alimentation variée et équilibrée. En cas de maladie rénale, demandez conseil à votre médecin avant toute supplémentation.</em></p> <h2>Acheter chez Nutrifitness</h2> <p>Disponible dans notre boutique de Genève et en livraison dans toute la Suisse.</p> <h2>Questions fréquentes</h2> <h3>Que veut dire « 200 mesh » ?</h3> <p>Le maillage 200 correspond à des particules très petites, généralement inférieures à 74 microns. La poudre est donc fine et se dilue facilement.</p> <h3>Quand prendre la créatine ?</h3> <p>De préférence après l'entraînement, avec des sucres rapides. Les jours de repos, 5 g le matin dans un jus de fruit.</p> <h3>Combien de temps dure un pot de 300 g ?</h3> <p>Avec 5 g par jour : 60 jours. <strong>[À VÉRIFIER avec la taille de portion de l'étiquette]</strong></p>
A10: What was wrong before | B10: H1 inside the description with pasted-editor CSS classes; product name repeated in ALL CAPS; no FAQ; no usage-by-day detail structure; brand not in the name format used by Google Shopping. | C10: Medical claims about Alzheimer's and Parkinson's; "jusqu'à 10 %" strength-gain claim; cognitive, hydration, "récupération rapide" claims; H1 in body; Instagram link as anchor; no nutrition table, ingredients, allergens or servings.
A11: Claims removed / review | B11: None removed. The creatine performance wording is kept because it was already on the current page; client to confirm it is allowed for Swiss food labelling. | C11: REMOVED: Alzheimer/Parkinson benefits, "gain de force jusqu'à 10 %", cognitive clarity/concentration, "hydratation cellulaire optimale décuple l'endurance", "récupération musculaire rapide". Replaced with one standard creatine performance sentence, flagged for client validation.
